ID,y
30785,1
14243,0
20996,0
31958,1
10457,0
19093,0
14405,0
16875,0
30787,1
6197,0
5807,0
25203,0
5492,0
4992,0
19430,0
8291,0
15930,0
30385,1
24411,1
17934,0
148,0
4042,0
6960,0
32828,1
20546,0
18629,0
15278,0
3100,0
32142,1
19810,0
21102,0
17358,0
4597,0
17702,0
13235,0
22712,1
31850,1
3868,0
10717,0
25648,1
32251,1
30826,1
5359,0
9877,0
12207,0
14493,0
6594,0
28485,0
20251,0
2151,0
30690,1
25494,0
2815,0
5115,0
4779,0
27071,1
20426,0
15668,0
25396,0
28658,0
30911,1
12521,0
26014,0
22641,1
31218,1
302,0
11440,0
28820,1
21035,0
10032,0
12700,0
19279,0
5679,0
29461,1
21644,0
27351,0
5164,0
13957,0
31306,1
9432,0
27018,0
5545,0
5548,0
30919,1
11218,0
29973,1
19815,0
32739,1
2693,0
23686,1
22771,0
9353,0
16280,0
3932,0
30167,1
1484,0
19113,0
29210,1
14410,0
17561,0
17058,0
19847,0
14880,0
9783,0
14133,0
19774,0
32520,1
16129,0
4581,0
4734,0
32806,1
28902,1
6591,0
13257,0
16972,0
28393,0
27688,0
22236,0
23520,1
21548,0
246,0
28084,1
7443,0
4800,0
6184,0
29505,1
23992,1
27800,1
24784,0
4117,0
28400,0
10814,0
12576,0
32156,1
517,0
22821,1
20608,0
25745,1
16270,0
7288,0
6565,0
5777,0
20819,0
30641,1
19844,0
30554,1
21903,0
15200,0
23349,0
8326,0
24175,1
11155,0
28722,0
25950,0
14595,0
29383,1
13196,0
708,0
2751,0
15284,0
6448,0
14006,0
4589,0
12384,0
13347,0
30612,1
23999,1
9319,0
31354,1
28207,1
1965,0
1595,0
14412,0
26848,0
5268,0
3067,0
29773,1
19764,0
7915,0
27826,0
18771,0
17842,0
6644,0
12890,0
16277,0
12738,0
27660,0
2898,0
16818,0
28089,0
17865,0
3253,0
28697,0
27444,0
31598,1
21373,0
16919,0
16726,0
12075,0
3416,0
28305,0
18758,0
15391,0
4164,0
17929,0
19640,0
2827,0
15650,0
6599,0
17925,0
2084,0
17940,0
26777,1
2117,0
26456,0
20711,0
21641,0
10325,0
19957,0
5050,0
7842,0
16893,0
1798,0
31704,1
29574,1
26901,0
26198,0
8179,0
7920,0
17171,0
13718,0
26554,1
5811,0
11222,0
30677,1
30327,1
3831,0
31533,1
27319,1
20529,0
11720,0
20103,0
22911,0
27323,1
22817,1
11709,0
25165,0
24537,1
16117,0
30248,1
23075,0
27509,0
24109,0
2248,0
30055,1
31909,1
27327,1
2736,0
28605,0
15593,0
4434,0
22334,1
28191,0
25141,0
5031,0
28333,0
4266,0
25131,1
25600,0
25173,0
14501,0
21539,0
7962,0
24228,1
12719,0
6358,0
5875,0
13355,0
18393,0
5842,0
31392,1
18944,0
23855,0
26372,0
21114,0
13065,0
17248,0
28750,1
12620,0
4745,0
5912,0
23727,1
23734,1
1023,0
12512,0
20678,0
13615,0
31092,1
29177,1
17367,0
31159,1
28381,0
7347,0
11416,0
28496,0
23787,1
5014,0
30340,1
24011,1
29829,1
8882,0
16836,0
4578,0
31211,1
17305,0
31880,1
32537,1
20839,0
2786,0
29186,1
10255,0
20937,0
16402,0
26498,1
29676,1
2941,0
1270,0
19636,0
5070,0
27568,0
716,0
8427,0
15536,0
14867,0
13011,0
16952,0
3453,0
24239,1
2182,0
22304,0
22784,1
19211,0
27440,1
3471,0
2253,0
29110,1
1320,0
27426,0
11448,0
20507,0
7910,0
8843,0
7742,0
16405,0
30822,1
32643,1
1599,0
4717,0
8980,0
20817,0
32642,1
3693,0
9271,0
1909,0
9026,0
18752,0
17477,0
2042,0
17486,0
71,0
21223,0
3873,0
10889,0
13741,0
26511,0
30499,1
27160,0
4280,0
27461,0
10820,0
168,0
7869,0
32089,1
18062,0
17232,0
11049,0
26432,0
13288,0
21354,0
23495,1
12709,0
15204,0
8891,0
31594,1
19252,0
16569,0
3556,0
30298,1
20149,0
4531,0
11512,0
10523,0
20142,0
25305,0
8095,0
5348,0
4881,0
23481,1
4605,0
1018,0
30512,1
1130,0
26531,0
9723,0
6113,0
16563,0
30763,1
12264,0
32214,1
22759,1
15007,0
27905,0
2066,0
24389,0
26308,0
21891,0
1843,0
5631,0
18571,0
12435,0
28738,1
15883,0
5068,0
6455,0
15746,0
5928,0
12973,0
31642,1
12203,0
21513,0
27686,1
6508,0
17879,0
17259,0
8604,0
31018,1
21155,0
28628,0
31790,1
29938,1
27799,0
7751,0
5104,0
159,0
22256,1
26260,0
16977,0
8341,0
6517,0
16822,0
28500,0
16484,0
21614,0
12946,0
10929,0
8691,0
29893,1
32772,1
13586,0
13911,0
25176,0
6155,0
25126,0
3526,0
30334,1
901,0
28514,0
15810,0
32506,1
11144,0
32364,1
10972,0
12935,0
18379,0
30180,1
8557,0
27118,0
18198,0
30117,1
13344,0
28836,1
21236,0
6297,0
32337,1
31624,1
20410,0
25472,1
865,0
23630,1
23112,1
24611,0
6104,0
11250,0
19829,0
28636,0
13796,0
3696,0
14116,0
5730,0
7471,0
22881,1
18734,0
27907,0
872,0
11447,0
22214,1
30746,1
13044,0
5474,0
1692,0
30720,1
26288,0
18076,0
8947,0
11069,0
11185,0
32539,1
21142,0
21549,0
23313,1
22230,1
14490,0
26741,0
26165,0
7037,0
3183,0
21963,0
397,0
14962,0
2341,0
12448,0
31056,1
3664,0
20005,0
24176,1
31740,1
29499,1
15927,0
5330,0
10621,0
22145,0
31929,1
18457,0
22829,1
11711,0
5588,0
5218,0
1898,0
15060,0
27791,1
14126,0
13254,0
24901,0
25514,1
27655,0
29969,1
395,0
12254,0
3988,0
12864,0
14696,0
32406,1
118,0
21008,0
11287,0
17161,0
27552,1
22842,1
17744,0
7612,0
16806,0
2101,0
19488,0
3931,0
25470,1
13025,0
19125,0
18214,0
23413,1
15208,0
25944,0
214,0
26212,0
32252,1
26654,0
12088,0
24468,1
9941,0
21501,0
10481,0
14173,0
13488,0
27922,0
9211,0
3137,0
31039,1
19855,0
12749,0
705,0
31310,1
12362,0
32355,1
3938,0
4501,0
8344,0
15956,0
8372,0
9177,0
12967,0
9017,0
4946,0
17102,0
17549,0
5571,0
1144,0
9699,0
20264,0
19243,0
131,0
7540,0
3070,0
14854,0
21350,0
15721,0
12383,0
29930,1
31887,1
11407,0
4639,0
502,0
10691,0
13365,0
9683,0
5219,0
32512,1
31394,1
22947,1
21467,0
10884,0
19493,0
25510,1
26950,0
6008,0
4640,0
25956,0
15988,0
20090,0
20781,0
8225,0
14961,0
11588,0
32131,1
8504,0
32044,1
21667,0
3908,0
13603,0
27977,0
2629,0
19548,0
24742,1
15376,0
23517,1
23196,1
14353,0
29591,1
1869,0
32735,1
10637,0
4924,0
25599,1
20947,0
7449,0
30649,1
3235,0
7876,0
32821,1
10559,0
3392,0
25885,1
1160,0
2169,0
17547,0
10878,0
30237,1
26639,0
19137,0
14193,0
24199,1
17800,0
18204,0
14685,0
17262,0
11182,0
14682,0
26818,0
10335,0
22663,1
32827,1
10332,0
9626,0
7483,0
28138,1
12686,0
12237,0
3496,0
4603,0
19512,0
30886,1
23066,1
2148,0
23258,1
22103,0
7839,0
25894,1
13027,0
1084,0
31193,1
8520,0
2136,0
3362,0
12105,0
19652,0
18961,0
25688,0
10500,0
10575,0
15420,0
23794,1
4019,0
5458,0
21380,0
19809,0
20710,0
12387,0
6825,0
1900,0
23673,1
32213,1
22312,1
31434,1
8288,0
8870,0
876,0
16267,0
16269,0
28235,1
3545,0
1463,0
23336,1
27817,0
7154,0
26763,0
8146,0
5823,0
22587,1
17013,0
7943,0
26520,0
32785,1
31709,1
25114,0
29725,1
4100,0
9954,0
645,0
14467,0
346,0
739,0
1814,0
2967,0
29392,1
29452,1
20572,0
28677,1
7479,0
9959,0
21349,0
21322,0
8316,0
6969,0
7968,0
13786,0
9790,0
30585,1
32438,1
16960,0
17101,0
7439,0
18806,0
28899,1
8662,0
8611,0
32331,1
27094,0
4351,0
2399,0
6371,0
30035,1
14012,0
8827,0
2493,0
5736,0
199,0
17117,0
14025,0
23280,1
23964,1
20574,0
20439,1
4484,0
5843,0
8539,0
23700,1
11569,0
23225,1
29715,1
20462,0
4522,0
2254,0
12783,0
29469,1
21882,0
20322,0
28069,1
5096,0
5750,0
22731,1
4872,0
3994,0
30094,1
29393,1
12013,0
18325,0
13893,0
9881,0
17351,0
19582,0
25878,0
244,0
5216,0
23638,1
28174,1
18461,0
24202,1
17371,0
16757,0
17606,0
12160,0
24705,0
15795,0
7242,0
404,0
25485,0
28733,1
1196,0
32914,1
20551,0
10290,0
15798,0
31126,1
4500,0
29421,1
6016,0
31860,1
18229,0
15067,0
25274,0
25375,0
25367,1
2611,0
23486,1
29351,1
15502,0
8807,0
717,0
27768,1
23563,1
2266,0
29132,1
14942,0
15049,0
13595,0
25737,0
26031,0
14883,0
9439,0
19673,0
23814,1
1977,0
5951,0
6376,0
31442,1
24484,1
6881,0
30065,1
31722,1
31917,1
29722,1
17415,0
19121,0
11557,0
1257,0
23058,1
26230,0
4998,0
18987,0
2040,0
24143,1
2032,0
10397,0
25849,0
2417,0
30391,1
18956,0
23976,1
9512,0
26703,1
2230,0
14572,0
16548,0
27295,0
19608,0
13558,0
21043,0
10158,0
11565,0
27035,0
22305,0
2772,0
6072,0
12278,0
13394,0
23816,1
8950,0
21865,0
11859,0
7678,0
7278,0
21402,0
4955,0
5857,0
4819,0
23764,1
6489,0
14982,0
15326,0
27679,1
585,0
9447,0
6891,0
25547,0
7205,0
18653,0
25891,0
24635,1
611,0
9444,0
5292,0
7329,0
12573,0
12707,0
24657,1
15772,0
27569,0
11248,0
26037,0
2846,0
3089,0
21662,0
22121,0
29124,1
11048,0
7565,0
27521,1
5508,0
28835,1
11849,0
31523,1
8369,0
16723,0
19349,0
2690,0
22188,0
1342,0
29263,1
18803,0
23255,1
6560,0
12342,0
12848,0
20859,0
18497,0
16601,0
28665,0
6228,0
28608,1
11736,0
4371,0
30421,1
32689,1
29144,1
25365,1
311,0
30458,1
990,0
31369,1
13245,0
5742,0
6691,0
14337,0
32899,1
4221,0
23082,1
28531,0
5947,0
27311,0
22693,1
25734,0
25927,0
13932,0
24855,1
16022,0
18191,0
25442,0
23580,0
30281,1
9868,0
12494,0
28285,1
25366,0
4131,0
29082,1
24580,1
23389,1
2292,0
16531,0
27966,0
6384,0
20384,0
13146,0
8552,0
31900,1
21099,0
12473,0
22469,0
26978,0
23998,0
10202,0
31484,1
1359,0
7506,0
13945,0
11418,0
32285,1
32323,1
1994,0
3405,0
29449,1
17439,0
3084,0
9234,0
23125,1
23895,1
27524,0
9908,0
29771,1
4270,0
24659,0
3975,0
2260,0
18657,0
24083,1
20534,0
18815,0
28620,1
10580,0
22017,0
19402,0
24261,1
29216,1
607,0
26912,0
28761,1
20072,0
20545,0
16118,0
16214,0
9998,0
24997,0
27618,1
16051,0
1153,0
14507,0
16912,0
24048,1
31506,1
6110,0
14146,0
2429,0
16278,0
6025,0
11409,0
11740,0
8328,0
21036,0
23308,1
8125,0
32293,1
26172,0
22677,1
7039,0
11911,0
13834,0
28309,0
5267,0
7097,0
28839,1
16194,0
28508,0
21616,0
18748,0
6355,0
20956,0
15563,0
19016,0
1300,0
3965,0
13637,0
5968,0
8267,0
19084,0
29656,1
13494,0
29245,1
12571,0
13209,0
18176,0
31045,1
17846,0
25372,0
2279,0
18959,0
8444,0
3883,0
31296,1
1570,0
16641,0
1162,0
4778,0
973,0
4623,0
6593,0
32796,1
27262,1
2357,0
26783,1
23958,1
21381,0
15197,0
30156,1
24853,0
424,0
30078,1
24517,0
6205,0
23223,0
4386,0
25437,0
9053,0
9828,0
23434,1
19900,0
5593,0
21066,0
1097,0
25699,0
31961,1
22250,1
12000,0
3497,0
312,0
30588,1
22835,1
9945,0
5521,0
14827,0
23119,1
17506,0
18972,0
31356,1
27414,1
2281,0
4113,0
1330,0
25197,0
22720,0
13166,0
29306,1
21452,0
32938,1
20061,0
1106,0
32546,1
19099,0
1647,0
16900,0
8737,0
30031,1
15625,0
32262,1
32418,1
27425,1
16081,0
8293,0
23292,0
17440,0
22990,1
18166,0
10288,0
27354,0
8130,0
5429,0
30502,1
10243,0
25438,1
21733,0
14578,0
1341,0
32562,1
18194,0
2873,0
646,0
9253,0
1865,0
30012,1
28519,0
30019,1
18921,0
9886,0
25413,1
30744,1
11285,0
22041,0
32273,1
21174,0
23193,1
2962,0
32888,1
25379,1
22653,1
11007,0
12915,0
536,0
22902,1
21202,0
20901,0
30717,1
1115,0
10548,0
220,0
22269,1
13827,0
5516,0
14871,0
13335,0
6043,0
11260,0
30034,1
12428,0
31032,1
27975,0
2518,0
4245,0
26401,0
31075,1
8053,0
6356,0
32237,1
7138,0
30092,1
20176,0
14564,0
26745,1
4804,0
4641,0
28481,1
11229,0
12192,0
31201,1
23289,0
54,0
4954,0
21254,0
11730,0
24501,0
1036,0
18158,0
11966,0
29204,1
15878,0
30946,1
28037,1
20588,0
2592,0
155,0
10530,0
3763,0
32194,1
12457,0
29330,1
32211,1
30519,1
32477,1
27873,0
26555,0
25828,0
31869,1
4585,0
6670,0
15560,0
5415,0
22888,1
3624,0
10387,0
26623,0
31711,1
26596,0
27228,1
10107,0
19171,0
7226,0
24057,1
24967,1
10015,0
20540,0
15189,0
18647,0
22499,1
13938,0
28978,1
5988,0
18288,0
30262,1
25340,0
17905,0
24401,1
25266,0
30164,1
29889,1
27226,1
14106,0
10698,0
21596,0
29389,1
30930,1
10647,0
787,0
28445,1
1283,0
31928,1
18114,0
21845,0
21344,0
1363,0
30988,1
25087,1
32800,1
18012,0
5585,0
15526,0
7986,0
17004,0
4932,0
3991,0
5472,0
32409,1
24998,0
11131,0
20661,0
1119,0
25040,1
19460,0
28175,1
22159,0
6718,0
1797,0
28803,0
8714,0
8997,0
21552,0
350,0
2240,0
24197,1
27648,1
10601,0
27336,0
6400,0
28286,0
20084,0
4424,0
17495,0
29056,1
10982,0
16801,0
5718,0
18021,0
28972,1
8280,0
31483,1
11851,0
15983,0
12516,0
5075,0
6778,0
3078,0
15991,0
10808,0
1585,0
6525,0
28609,0
18843,0
870,0
822,0
11636,0
21438,0
1667,0
22886,1
12825,0
7660,0
28246,0
19904,0
7228,0
7896,0
10237,0
28218,0
19209,0
12421,0
27221,1
4388,0
32272,1
11585,0
29047,1
22504,1
32302,1
20624,0
11263,0
23312,0
25784,0
20702,0
17030,0
29590,1
5410,0
25685,1
26610,0
10016,0
11336,0
26186,0
20743,0
26220,0
25117,0
27117,0
24293,1
31207,1
18914,0
10110,0
10222,0
7681,0
1568,0
30450,1
8907,0
25504,0
26897,1
16200,0
28507,1
14433,0
30840,1
10904,0
22899,1
8876,0
13418,0
30873,1
21214,0
3550,0
746,0
7400,0
16526,0
21579,0
32955,1
22483,0
1168,0
32006,1
5126,0
30608,1
17395,0
31385,1
3008,0
911,0
11976,0
3135,0
22819,1
31782,1
24209,1
32898,1
29987,1
31255,1
6006,0
21995,0
27227,0
19007,0
16187,0
11126,0
20553,0
15362,0
31370,1
28873,1
18110,0
21959,0
30220,1
7954,0
28297,1
16406,0
14802,0
12797,0
24848,0
32354,1
19300,0
2842,0
4307,0
24095,0
28070,0
24522,0
22729,0
17178,0
10955,0
29020,0
14973,0
21656,0
21862,0
26019,1
30330,1
16092,0
81,0
7005,0
28171,0
16554,0
3105,0
28695,0
30184,1
25733,0
30729,1
11839,0
8684,0
24639,1
18799,0
26985,1
4856,0
11106,0
3239,0
1949,0
26642,1
25991,0
15030,0
19230,0
22252,1
14991,0
27243,1
7374,0
17194,0
9801,0
13508,0
23156,0
5274,0
3411,0
10800,0
11956,0
27301,0
19787,0
21783,0
7492,0
27478,0
4665,0
31458,1
32105,1
28748,1
23800,0
2627,0
15390,0
12356,0
29834,1
12626,0
29133,1
29071,1
2461,0
29075,1
22062,0
15717,0
7115,0
5657,0
8414,0
20141,0
17764,0
22259,1
8361,0
24417,1
18733,0
12760,0
16857,0
17953,0
25238,0
3954,0
3875,0
11324,0
30804,1
25193,0
5617,0
23728,0
13747,0
18539,0
20694,0
12828,0
31096,1
29264,1
18882,0
5530,0
23047,0
2176,0
16346,0
14387,0
32303,1
29318,1
16247,0
11702,0
19536,0
16440,0
20794,0
5643,0
2306,0
143,0
13668,0
11534,0
21738,0
22056,0
8698,0
21764,0
7216,0
13221,0
8466,0
3669,0
23669,1
32284,1
23210,1
32071,1
17465,0
1243,0
20804,0
6309,0
4960,0
2707,0
2442,0
27004,0
20824,0
12596,0
12466,0
22322,1
3058,0
6584,0
24161,1
19718,0
25819,0
18521,0
1665,0
29374,1
21241,0
8558,0
2251,0
25587,0
25719,1
16835,0
4380,0
20805,0
17228,0
10134,0
30357,1
6200,0
9701,0
10402,0
5785,0
17566,0
633,0
28600,0
1783,0
2416,0
30524,1
24986,1
30783,1
5893,0
28484,1
3468,0
24086,1
5217,0
21300,0
2860,0
8717,0
643,0
26586,0
12373,0
27066,1
17924,0
400,0
23815,1
16154,0
32777,1
1708,0
8917,0
2522,0
11203,0
5773,0
17916,0
21056,0
16113,0
20542,0
28623,1
5012,0
21002,0
26966,0
28832,1
15911,0
25517,1
5003,0
977,0
20619,0
8829,0
18866,0
18520,0
30336,1
15743,0
27535,0
8219,0
9843,0
9856,0
8332,0
11968,0
16585,0
7057,0
18475,0
6620,0
26373,0
11002,0
9629,0
7623,0
18969,0
1775,0
14680,0
26114,1
6874,0
18713,0
3520,0
6131,0
10187,0
29411,1
9660,0
14739,0
12881,0
27175,1
23006,1
2664,0
23133,1
13298,0
11774,0
18590,0
3381,0
23359,1
8614,0
4392,0
12733,0
31262,1
10132,0
348,0
27271,0
9034,0
5146,0
2818,0
9021,0
14064,0
29746,1
14616,0
7628,0
25069,1
30230,1
626,0
21404,0
24886,0
29694,1
17014,0
30959,1
18125,0
17923,0
1037,0
27500,0
11814,0
31872,1
21143,0
28563,1
208,0
8774,0
15998,0
18916,0
24452,0
22345,1
32509,1
19928,0
21433,0
17763,0
21859,0
32397,1
28033,0
22705,1
14714,0
9623,0
26828,0
13843,0
25965,0
23461,1
17648,0
9876,0
7225,0
29367,1
7252,0
28316,1
24722,1
3934,0
3490,0
6761,0
12868,0
25903,0
22632,1
5702,0
26716,0
24059,1
16523,0
9549,0
7886,0
8081,0
19055,0
1499,0
28639,0
14657,0
28587,0
30185,1
7355,0
8970,0
10786,0
29246,1
17511,0
20617,0
31233,1
20000,0
24608,1
1678,0
10154,0
19096,0
17202,0
23370,1
27180,0
30531,1
30952,1
14729,0
17103,0
7054,0
25322,0
14700,0
27264,1
24972,1
2943,0
30871,1
16617,0
24739,1
2549,0
24589,1
28970,1
22841,1
20715,0
20657,0
18002,0
23293,1
13530,0
31144,1
23101,1
4240,0
10975,0
22630,1
23273,1
23260,1
29685,1
30825,1
7437,0
8655,0
14803,0
29921,1
20225,0
13773,0
28267,1
14688,0
6152,0
12673,0
956,0
1229,0
10490,0
5431,0
8628,0
5804,0
18281,0
16666,0
29262,1
11357,0
26701,0
30545,1
12289,0
28959,0
19563,0
30439,1
6515,0
3525,0
3418,0
23038,1
14023,0
22445,0
12764,0
30994,1
19501,0
28556,1
5504,0
29588,1
18950,0
10285,0
27930,0
8419,0
1183,0
11605,0
25968,1
3921,0
5612,0
3466,0
26958,0
3834,0
12337,0
25930,0
22772,1
19403,0
14104,0
5092,0
7258,0
14719,0
28240,0
12380,0
9161,0
7206,0
23318,1
27610,1
4763,0
32529,1
31731,1
11620,0
24718,0
8282,0
6536,0
1313,0
11062,0
30493,1
21635,0
9331,0
9410,0
27724,1
21034,0
10491,0
13666,0
23908,0
10624,0
10828,0
21943,0
25628,0
22226,1
21017,0
20907,0
24422,0
7991,0
20518,0
789,0
7162,0
2957,0
21987,0
12405,0
25036,0
10968,0
8763,0
31821,1
8913,0
19544,0
29486,1
19315,0
24067,1
17494,0
25875,0
16208,0
15917,0
2345,0
12586,0
26680,0
16103,0
9879,0
4706,0
22778,1
24763,0
20527,0
3769,0
8403,0
20102,0
811,0
27244,0
14307,0
31538,1
3707,0
31418,1
10051,0
874,0
111,0
20913,0
27805,0
4311,0
16408,0
29620,1
21556,0
23317,1
28187,1
30811,1
1030,0
17895,0
1404,0
32574,1
23788,1
3271,0
15097,0
10164,0
6252,0
26382,1
32342,1
15459,0
9949,0
16807,0
15070,0
24020,1
12743,0
15379,0
21173,0
15023,0
28366,1
737,0
32385,1
16824,0
17785,0
27233,1
26953,0
23798,1
12680,0
26154,1
10346,0
27735,0
3814,0
29310,1
26594,0
28047,0
19157,0
32204,1
5424,0
30095,1
19393,0
24205,1
30562,1
25771,0
2916,0
30083,1
13865,0
22775,1
19244,0
12257,0
21638,0
9221,0
24939,0
5671,0
20078,0
19947,0
8261,0
17309,0
22837,1
7527,0
25487,1
555,0
21835,0
4610,0
5625,0
15582,0
5197,0
5974,0
24925,0
25164,0
14016,0
31674,1
15293,0
16337,0
15472,0
26603,1
29422,1
18403,0
18621,0
29084,0
11500,0
18436,0
8621,0
13642,0
26280,0
8610,0
19476,0
10859,0
31258,1
24999,0
24477,0
20587,0
786,0
11311,0
32662,1
11919,0
24890,0
7600,0
3376,0
6055,0
27635,0
1969,0
32241,1
1581,0
4681,0
11637,0
19913,0
20131,0
25907,0
6345,0
18998,0
4520,0
8277,0
11442,0
7461,0
24852,0
11802,0
32729,1
9685,0
17954,0
15243,0
5256,0
12133,0
8473,0
28277,0
32965,1
20958,0
17124,0
6774,0
4420,0
26880,0
31407,1
4822,0
5691,0
18079,0
21149,0
2352,0
13008,0
15899,0
8281,0
25851,1
8054,0
30976,1
24550,0
24058,1
5449,0
23744,0
32126,1
23649,1
6876,0
6700,0
30063,1
20725,0
8305,0
21398,0
17348,0
3190,0
31304,1
1448,0
20162,0
11004,0
19756,0
25881,0
12403,0
3662,0
14345,0
11426,0
19141,0
32541,1
12679,0
14254,0
23103,1
2828,0
5936,0
30806,1
31425,1
24575,0
14471,0
26766,1
26248,0
17803,0
8966,0
30963,1
29709,1
2320,0
28784,0
13758,0
5349,0
17758,0
28308,0
24777,1
7169,0
27080,1
22476,1
28490,0
28446,1
14036,0
28108,1
4462,0
4016,0
1085,0
31988,1
3148,0
4788,0
26381,0
3250,0
28222,0
9381,0
14576,0
25302,1
13340,0
20139,0
24340,1
18801,0
23052,1
13474,0
21494,0
20977,0
11283,0
11625,0
25426,1
27089,1
14026,0
25653,1
30500,1
803,0
27265,0
19258,0
32278,1
30210,1
24036,1
28034,0
15296,0
32757,1
31135,1
12307,0
7372,0
23311,1
11156,0
24596,1
4238,0
15109,0
5248,0
30009,1
20120,0
18917,0
30054,1
29472,1
21840,0
29524,1
7198,0
799,0
15966,0
24269,1
7480,0
3743,0
4277,0
17907,0
8696,0
18644,0
873,0
10996,0
4151,0
17481,0
20258,0
6195,0
29221,1
8627,0
26513,0
8522,0
1774,0
2529,0
1985,0
10345,0
29073,1
10465,0
11531,0
18235,0
22738,1
26013,1
27597,0
4678,0
12330,0
15256,0
22764,1
14417,0
31232,1
28938,0
20319,0
1563,0
29111,1
11176,0
30106,1
8306,0
27374,1
16685,0
29900,1
1042,0
10159,0
22713,1
31539,1
18298,0
21421,0
31632,1
2798,0
7364,0
22548,1
11056,0
30088,1
22244,0
13968,0
11850,0
32125,1
16169,0
16918,0
14786,0
14569,0
17447,0
23219,1
14929,0
8729,0
26692,0
32781,1
24594,1
17739,0
6524,0
12938,0
2026,0
16239,0
16736,0
11177,0
6771,0
25844,1
1674,0
8625,0
2045,0
31087,1
30437,1
19411,0
11553,0
10817,0
25234,1
494,0
10568,0
17457,0
10165,0
18319,0
4767,0
32655,1
27350,1
12461,0
18721,0
11493,0
23249,0
23702,1
2432,0
15058,0
170,0
913,0
24929,1
1988,0
24392,0
368,0
23363,1
24138,1
17283,0
28709,0
1558,0
21956,0
28617,0
23633,1
9525,0
23836,0
997,0
16101,0
29828,1
21347,0
15845,0
15789,0
543,0
18490,0
20625,0
13965,0
12066,0
29275,1
29806,1
25030,0
7544,0
18018,0
26558,0
24627,0
28332,0
11924,0
24444,0
10899,0
21131,0
16793,0
1719,0
30036,1
16905,0
23632,1
6425,0
24012,1
30865,1
21346,0
5468,0
24578,1
22750,1
31007,1
6621,0
19111,0
29368,1
28758,0
19465,0
4850,0
7354,0
16163,0
29161,1
11118,0
19481,0
24933,0
32080,1
27196,0
28615,1
15165,0
5611,0
23838,1
13449,0
12716,0
27963,0
6787,0
4038,0
24335,1
12639,0
4149,0
21793,0
31260,1
31141,1
16528,0
27025,1
20844,0
25291,0
9346,0
3608,0
21313,0
4994,0
17206,0
22658,1
25949,0
8888,0
352,0
13472,0
14649,0
29462,1
26774,1
26808,0
29418,1
1427,0
25491,0
10747,0
28022,0
5846,0
14502,0
2147,0
18509,0
7403,0
23985,1
21690,0
8730,0
25680,0
24427,0
5850,0
14968,0
25440,1
5819,0
27852,0
23950,0
5916,0
11541,0
18133,0
11645,0
1389,0
20486,0
2670,0
30131,1
3558,0
9501,0
22806,1
29195,1
30666,1
7045,0
15716,0
2075,0
9487,0
14478,0
18354,0
14003,0
22010,0
24765,1
15977,0
18800,0
4596,0
21955,0
584,0
9794,0
15105,0
28976,1
18048,0
4729,0
21039,0
21355,0
10254,0
8841,0
24281,0
11884,0
28526,0
21938,0
32870,1
1225,0
31166,1
20165,0
2496,0
32923,1
19587,0
16086,0
26709,0
16753,0
29558,0
19197,0
29754,1
24434,1
5623,0
6795,0
19363,0
20340,0
9296,0
9144,0
22794,1
27284,0
1686,0
10217,0
18007,0
20598,0
3536,0
15257,0
1915,0
4646,0
20573,0
4574,0
28495,1
12663,0
6780,0
8620,0
28122,0
28269,0
19302,0
25416,0
6165,0
23161,1
26495,1
12642,0
20148,0
4507,0
24560,0
4889,0
16071,0
4450,0
27964,0
2744,0
12618,0
25776,1
18464,0
12574,0
12410,0
11791,0
1351,0
9450,0
17419,0
6030,0
14013,0
11362,0
19122,0
15550,0
15938,0
18613,0
4977,0
8228,0
23215,1
12471,0
18529,0
172,0
23142,1
21503,0
25241,1
2348,0
32216,1
10676,0
13574,0
32747,1
15160,0
30017,1
15046,0
16348,0
32098,1
6976,0
1776,0
11560,0
23083,1
26996,1
30614,1
19059,0
3014,0
11960,0
11163,0
11662,0
26035,0
13525,0
20675,0
23115,0
4323,0
16708,0
684,0
2767,0
5549,0
17605,0
12187,0
17691,0
23361,1
16555,0
3926,0
2795,0
20144,0
10172,0
10327,0
3661,0
31649,1
1816,0
15824,0
9445,0
28648,0
12658,0
160,0
24573,1
16388,0
17618,0
21819,0
7306,0
25527,0
17716,0
26820,0
4538,0
5813,0
24965,1
8775,0
7671,0
29357,1
14637,0
4438,0
1645,0
28725,0
9249,0
14709,0
28674,0
15860,0
15218,0
7142,0
16414,0
11623,0
27962,0
6492,0
28583,0
9600,0
23247,1
32360,1
27656,1
26791,0
19311,0
17274,0
26597,0
1440,0
12721,0
26847,0
22410,1
9322,0
19730,0
15583,0
23743,1
19978,0
25337,1
18519,0
24388,1
10616,0
25341,0
5669,0
8624,0
22585,1
27012,0
57,0
22561,1
6331,0
12218,0
24495,0
18441,0
19521,0
13314,0
1741,0
10423,0
22501,1
16819,0
13851,0
19590,0
401,0
29598,1
25352,0
31338,1
1347,0
25767,0
3542,0
26981,1
213,0
22331,0
10605,0
2797,0
16153,0
140,0
11542,0
30853,1
29058,1
31492,1
8142,0
19034,0
9915,0
31223,1
6896,0
23779,0
29954,1
20099,0
20818,0
18071,0
26484,1
28599,0
7645,0
22550,0
20006,0
4988,0
11247,0
26111,0
9722,0
1630,0
2561,0
16229,0
459,0
3750,0
5627,0
18559,0
2718,0
26144,0
12800,0
30163,1
27194,0
11958,0
16985,0
20604,0
14148,0
12660,0
32864,1
2602,0
16144,0
26914,0
15970,0
21709,0
17146,0
25255,0
2324,0
30424,1
32403,1
944,0
29051,1
196,0
20018,0
30748,1
30390,1
17189,0
15488,0
9102,0
20989,0
20601,0
25249,1
31190,1
24040,0
3818,0
22769,1
30704,1
7823,0
31667,1
2934,0
27481,1
20593,0
15415,0
8739,0
4588,0
26913,0
18184,0
32684,1
32375,1
12696,0
18583,0
28427,0
12081,0
28577,1
28009,1
3495,0
18139,0
11994,0
8255,0
26739,1
11530,0
28457,0
3365,0
7183,0
16803,0
29175,1
7805,0
4952,0
16459,0
7496,0
2286,0
6822,0
30316,1
11619,0
4265,0
22488,0
4866,0
9225,0
32075,1
10729,0
29652,1
20291,0
32698,1
9946,0
10969,0
19708,0
20082,0
4710,0
21128,0
6482,0
26066,0
31420,1
29671,1
16002,0
18236,0
24424,0
22248,0
5888,0
12386,0
24764,0
4783,0
24847,1
22013,0
23395,0
9712,0
12807,0
7077,0
18976,0
7885,0
12910,0
21198,0
29277,1
24995,1
28818,1
12883,0
27617,0
22336,1
688,0
12714,0
30995,1
2623,0
18223,0
18289,0
26877,0
3989,0
5099,0
31817,1
13023,0
18934,0
25974,1
23603,1
31479,1
23944,1
17215,0
22061,0
28382,0
3849,0
27241,0
30378,1
17804,0
5971,0
18710,0
1679,0
22087,0
31541,1
31011,1
1539,0
1194,0
24971,0
7884,0
26032,0
17741,0
24533,0
2152,0
26302,1
31054,1
8272,0
18556,0
13216,0
29208,1
27846,1
16180,0
5236,0
9425,0
31187,1
14599,0
27880,0
11340,0
2010,0
31901,1
31185,1
17176,0
16095,0
17864,0
18480,0
12015,0
31109,1
19940,0
14287,0
22571,0
3759,0
31248,1
162,0
1179,0
12724,0
7236,0
15238,0
17136,0
7686,0
4565,0
13569,0
30923,1
1165,0
23811,1
28363,0
8904,0
5147,0
7629,0
21091,0
11380,0
26512,1
12127,0
32201,1
12566,0
19298,0
2000,0
13536,0
9116,0
15730,0
32724,1
23768,1
21677,0
6452,0
16107,0
20071,0
20902,0
15343,0
23195,1
26163,0
4512,0
6845,0
22971,1
2050,0
11899,0
9005,0
7094,0
21260,0
26465,0
6651,0
14204,0
16678,0
24210,1
15615,0
30834,1
11481,0
8995,0
2519,0
23637,1
17041,0
13803,0
12900,0
9548,0
7647,0
26453,0
8546,0
7929,0
1200,0
27157,0
30835,1
14955,0
27396,0
1164,0
28907,1
28962,1
20979,0
9113,0
32306,1
31777,1
6879,0
24570,1
11333,0
13748,0
23635,1
7944,0
19716,0
32703,1
31894,1
1659,0
23720,1
13057,0
21675,0
5935,0
5287,0
19602,0
4772,0
7410,0
25689,0
14446,0
3461,0
10430,0
5053,0
30077,1
26065,0
22057,0
11479,0
25158,1
2777,0
21670,0
27998,0
31952,1
10372,0
19339,0
879,0
22602,1
5105,0
521,0
14708,0
30394,1
30529,1
4040,0
3740,0
23963,0
24347,1
15580,0
3149,0
8857,0
6194,0
14483,0
27813,0
6959,0
12028,0
16783,0
6393,0
14164,0
10193,0
22310,1
18385,0
21582,0
13551,0
7235,0
23756,1
28091,1
6554,0
28465,0
21871,0
2895,0
22521,1
30319,1
23034,1
28602,1
6850,0
24278,1
8538,0
15495,0
23622,1
19513,0
5405,0
27740,1
14650,0
25323,1
3614,0
4063,0
10607,0
3232,0
11770,0
22358,1
21649,0
3881,0
11624,0
4828,0
25382,0
6772,0
15213,0
2983,0
15606,0
8778,0
13070,0
25181,0
28062,1
11450,0
23120,0
14175,0
30947,1
586,0
20197,0
11622,0
11772,0
31896,1
32060,1
26689,0
10764,0
28299,0
13713,0
5649,0
23305,1
26008,0
21708,0
12477,0
12609,0
3717,0
13519,0
10570,0
32933,1
12880,0
8502,0
15128,0
19190,0
7459,0
7889,0
12514,0
7332,0
28390,1
11764,0
32597,1
2063,0
169,0
27225,1
16412,0
7780,0
30440,1
6956,0
14236,0
18855,0
31805,1
17591,0
242,0
28958,1
7862,0
15334,0
32665,1
17964,0
3066,0
7299,0
10533,0
12621,0
1966,0
6878,0
23080,1
19054,0
11315,0
28387,0
8856,0
31142,1
29883,1
27540,0
5775,0
7327,0
14533,0
11143,0
31246,1
25678,0
11326,0
23698,1
14197,0
5642,0
30766,1
31916,1
14213,0
27997,1
8467,0
21105,0
22223,1
27631,0
10289,0
25584,0
20543,0
12949,0
976,0
18711,0
27407,0
5078,0
2865,0
19441,0
1951,0
22527,1
23535,1
24308,1
2449,0
25410,0
11428,0
3711,0
25788,0
17032,0
30916,1
375,0
20708,0
30750,1
2022,0
22861,1
29091,1
7607,0
20575,0
28493,0
20230,0
27862,1
20352,0
3338,0
15430,0
6635,0
25497,1
6457,0
16718,0
5158,0
23789,0
9256,0
26,0
7227,0
3638,0
16841,0
7429,0
1856,0
8863,0
3956,0
31641,1
19264,0
25427,1
10183,0
30016,1
22374,1
29688,1
21683,0
22560,0
2641,0
173,0
18352,0
23008,1
19080,0
14747,0
4887,0
6485,0
5628,0
32830,1
8794,0
31727,1
22638,1
24643,0
11266,0
16946,0
12771,0
26778,0
8236,0
17487,0
23986,1
26440,0
16363,0
24790,1
17693,0
24297,1
20062,0
26805,0
16677,0
7949,0
15250,0
3426,0
25984,0
1888,0
6709,0
19470,0
13452,0
24082,1
13531,0
19886,0
25027,0
19705,0
24404,0
10632,0
6865,0
27572,1
20922,0
16629,0
6314,0
16508,0
13877,0
20557,0
5832,0
4890,0
24139,1
31236,1
23645,1
21196,0
5085,0
17341,0
28197,1
18654,0
4793,0
25543,1
13060,0
26544,1
13553,0
16463,0
5608,0
3845,0
32886,1
1872,0
4802,0
21120,0
23387,1
20314,0
17051,0
26041,0
22012,0
1794,0
17172,0
17709,0
14630,0
5283,0
12176,0
18303,0
12460,0
31944,1
9518,0
5033,0
9075,0
25098,1
30489,1
19062,0
2443,0
20339,0
3396,0
5298,0
17196,0
7744,0
11088,0
21026,0
30104,1
14092,0
5213,0
17420,0
31592,1
9467,0
145,0
888,0
12184,0
20310,0
27854,0
22702,1
3435,0
10511,0
2673,0
63,0
918,0
23826,1
7516,0
21688,0
11129,0
7567,0
3514,0
25540,0
14000,0
15531,0
28823,0
7417,0
22876,1
8213,0
26488,1
18121,0
11187,0
15445,0
18990,0
11018,0
18181,0
6741,0
18091,0
11800,0
17536,0
21098,0
7467,0
25272,1
14285,0
14894,0
27711,0
9108,0
32045,1
13398,0
28263,1
25386,0
28236,0
25452,0
23057,1
7702,0
7418,0
25022,1
21393,0
17910,0
28437,1
12255,0
16116,0
15903,0
22191,0
10191,0
9673,0
14943,0
27763,0
18220,0
13292,0
11608,0
2477,0
22403,1
19445,0
28318,0
30854,1
30551,1
10915,0
12249,0
32070,1
26947,0
12778,0
28131,1
8193,0
20740,0
9914,0
18348,0
13356,0
25765,0
31982,1
9576,0
14252,0
3447,0
31316,1
18165,0
4965,0
16191,0
22415,1
26537,0
27701,1
14372,0
61,0
20488,0
13726,0
30021,1
30293,1
1418,0
12529,0
16112,0
20145,0
25606,0
834,0
22054,0
12214,0
26239,1
9121,0
21464,0
17336,0
9818,0
16495,0
26252,0
26712,0
5864,0
20970,0
27269,0
19715,0
3169,0
29122,1
25536,0
17203,0
12548,0
14693,0
14789,0
10291,0
2607,0
1931,0
4962,0
7595,0
15612,0
23009,1
5266,0
11354,0
27863,1
27108,0
3200,0
24499,0
8954,0
4826,0
17373,0
2945,0
32038,1
14320,0
1577,0
20866,0
2737,0
6567,0
31911,1
1669,0
22741,1
19890,0
30659,1
12019,0
16883,0
29055,1
27850,0
26637,0
25585,0
1011,0
10055,0
21063,0
22745,1
8960,0
29925,1
23690,1
14227,0
22379,1
14033,0
16119,0
25123,1
11876,0
10667,0
19692,0
15959,0
2038,0
20935,0
13839,0
14799,0
20406,0
7212,0
11863,0
19496,0
6190,0
8637,0
21075,0
9613,0
3949,0
10552,0
12693,0
27125,0
1178,0
24554,1
2103,0
28126,1
23761,0
20889,0
3398,0
14565,0
27294,0
32587,1
20642,0
13561,0
13836,0
22206,1
20208,0
25190,0
12780,0
31466,1
23090,1
15676,0
2085,0
1236,0
4576,0
20914,0
32917,1
29481,1
28706,1
31933,1
20928,0
5273,0
29793,1
20337,0
14080,0
26591,0
9132,0
31601,1
1628,0
20272,0
1556,0
11216,0
7369,0
279,0
4902,0
24037,1
11133,0
20333,0
15453,0
20458,0
26861,0
9413,0
21637,0
21927,0
22233,0
28102,1
30253,1
27842,0
20046,0
25572,0
26281,1
6048,0
23344,0
25245,0
25932,0
2156,0
27154,0
16259,0
2262,0
22125,0
7124,0
24065,1
32924,1
22241,0
29501,1
18318,0
15670,0
32333,1
24834,0
26088,0
16488,0
10167,0
26072,0
12911,0
2825,0
27629,0
30364,1
13577,0
1668,0
3756,0
22426,1
31536,1
559,0
7049,0
28759,0
8456,0
6676,0
5759,0
20643,0
13012,0
8292,0
234,0
10588,0
26629,0
30982,1
16737,0
29139,1
14225,0
19622,0
22791,1
845,0
20193,0
7408,0
7878,0
31765,1
23217,0
20231,0
30252,1
23711,1
10206,0
31807,1
4961,0
19168,0
28821,0
4695,0
7964,0
32170,1
30475,1
3327,0
32540,1
20655,0
18792,0
19254,0
13206,0
7188,0
8837,0
27840,1
20908,0
30082,1
9184,0
12803,0
11173,0
16047,0
14393,0
8727,0
23211,1
24050,1
8469,0
6387,0
14732,0
29001,1
11363,0
13641,0
21954,0
26557,1
14314,0
14054,0
11866,0
30014,1
26666,0
30628,1
11236,0
23869,1
26916,0
30754,1
18992,0
19271,0
21444,0
11717,0
8590,0
18307,0
32582,1
13714,0
7649,0
27248,0
385,0
1590,0
8524,0
32424,1
27882,0
30151,1
25446,0
12604,0
3676,0
12167,0
28552,1
4694,0
29488,1
29482,1
15042,0
7072,0
13007,0
27174,1
25555,1
30528,1
2212,0
5622,0
17750,0
6255,0
10249,0
24072,1
8114,0
2509,0
9348,0
7792,0
19502,0
29679,1
27386,1
29545,1
17613,0
8909,0
7101,0
27316,0
19381,0
26892,0
15871,0
14777,0
18504,0
6514,0
24797,0
1022,0
13390,0
27451,1
4570,0
16722,0
25450,0
32918,1
26428,0
29408,1
28889,1
20256,0
6750,0
28221,0
11617,0
25101,0
23503,1
18823,0
1958,0
30506,1
18717,0
16853,0
4638,0
4305,0
31040,1
28676,0
26188,0
15963,0
21378,0
6256,0
3885,0
12479,0
22714,0
12558,0
9471,0
12238,0
11950,0
1317,0
8553,0
2159,0
32599,1
30610,1
2573,0
23244,0
16279,0
18779,0
14143,0
21096,0
15158,0
14076,0
11165,0
21266,0
4210,0
28247,0
31599,1
25576,1
31906,1
8666,0
31363,1
17327,0
21499,0
26394,1
19159,0
24746,0
10748,0
18123,0
15373,0
16694,0
24321,1
25336,1
32353,1
32749,1
9462,0
19695,0
25354,0
23306,1
17212,0
14681,0
26034,1
23770,1
8359,0
11539,0
18796,0
16311,0
4373,0
12244,0
13439,0
202,0
7860,0
9853,0
25004,0
4156,0
6597,0
2915,0
27449,1
32499,1
28807,0
1982,0
5882,0
25953,0
5721,0
10281,0
7234,0
29604,1
14668,0
18812,0
23003,1
1474,0
24652,0
12567,0
20275,0
17550,0
17552,0
10276,0
8389,0
20156,0
29826,1
1737,0
2552,0
22311,1
30606,1
16481,0
11550,0
2172,0
10010,0
6939,0
7824,0
10067,0
32585,1
4468,0
515,0
17435,0
4915,0
23781,1
28129,1
10900,0
9072,0
4548,0
10569,0
9342,0
574,0
5630,0
30145,1
23056,1
23784,1
31156,1
16501,0
18929,0
6796,0
14339,0
31595,1
24791,0
14735,0
13062,0
4936,0
7720,0
6473,0
6338,0
26865,0
20372,0
29171,1
18554,0
785,0
12815,0
24115,1
12882,0
13795,0
23701,0
3859,0
5422,0
13397,0
22811,1
23772,0
32963,1
17898,0
18928,0
14876,0
5480,0
27087,0
27307,1
31712,1
18598,0
27619,1
12359,0
28440,1
11469,0
16616,0
19388,0
31405,1
8108,0
29825,1
9598,0
27865,0
25099,1
19919,0
29726,1
15354,0
19308,0
1145,0
18854,0
31133,1
15633,0
7877,0
6534,0
32716,1
8976,0
30051,1
17201,0
29495,1
27747,1
28536,1
9541,0
14511,0
19856,0
25079,0
10863,0
24756,0
29564,1
28278,0
10656,0
15990,0
1726,0
1258,0
15413,0
23015,1
26725,0
23930,1
26927,0
19946,1
10801,0
25214,1
23828,0
18279,0
20877,0
27570,0
8877,0
12809,0
3352,0
20686,0
19988,0
12048,0
26046,0
9898,0
27986,1
12522,0
15381,0
26217,1
2544,0
132,0
19503,0
6094,0
14596,0
23654,1
12541,0
3005,0
22368,1
28506,0
28238,0
29226,1
30295,1
18168,0
17894,0
23889,1
14960,0
27053,1
25756,0
24282,1
24624,1
27033,1
15669,0
7217,0
16497,0
1181,0
8013,0
24230,1
5011,0
14930,0
5412,0
8769,0
19233,0
28955,1
15177,0
28486,1
16861,0
14309,0
21073,0
11626,0
25342,1
32516,1
266,0
4708,0
22174,1
9087,0
41,0
7598,0
14778,0
28068,1
4810,0
10235,0
22908,1
11035,0
11214,0
14039,0
3277,0
29165,1
31873,1
13156,0
13437,0
28076,1
23780,0
22862,1
27864,1
10573,0
27384,0
2079,0
26613,1
20621,0
30738,1
21889,0
30284,1
4912,0
26523,0
14879,0
30193,1
26289,0
25886,0
25707,0
19072,0
20437,0
9449,0
21665,0
29993,1
2204,0
29846,1
16181,0
26681,1
14268,0
1791,0
8632,0
31559,1
6293,0
11719,0
3844,0
28539,0
16897,0
21730,0
2684,0
3356,0
31843,1
10203,0
3672,0
5949,0
30217,1
5346,0
4575,0
24237,1
12325,0
25085,1
13658,0
11696,0
12,0
7330,0
3036,0
7218,0
10135,0
14246,0
7047,0
9850,0
21031,0
2734,0
29238,1
17826,0
15834,0
29768,1
24243,1
18202,0
22365,0
15757,0
32554,1
25,0
13262,0
16321,0
27411,0
14397,0
24664,0
22961,1
29764,1
12137,0
277,0
21258,0
12470,0
17881,0
11439,0
2988,0
3745,0
31924,1
540,0
13781,0
15805,0
429,0
17066,0
30146,1
19222,0
4033,0
667,0
6630,0
20728,0
25296,1
4278,0
23863,1
23884,1
17767,0
6095,0
23431,1
7406,0
23138,0
7257,0
9104,0
539,0
14253,0
3644,0
30882,1
26765,0
28988,1
30532,1
22685,1
2355,0
6305,0
18070,0
19880,0
27762,1
18201,0
12678,0
12318,0
681,0
24386,0
5456,0
13337,0
1972,0
372,0
14900,0
13463,0
8296,0
22034,0
12897,0
32189,1
14429,0
29410,1
13845,0
27642,0
31308,1
31347,1
94,0
16993,0
9559,0
31157,1
8018,0
25024,0
4883,0
27733,0
20234,0
17123,0
3055,0
9443,0
17188,0
23201,1
9654,0
27229,1
20191,0
28831,1
13299,0
26470,0
4497,0
31992,1
6520,0
1010,0
12928,0
21741,0
22813,1
12155,0
24152,1
17217,0
28146,0
7002,0
22481,1
10027,0
25026,0
12873,0
25538,1
29156,1
30318,1
18603,0
16553,0
13888,0
6401,0
11602,0
17214,0
19970,0
22619,1
23246,0
20373,0
16748,0
1859,0
10897,0
21044,0
7782,0
29903,1
32163,1
16485,0
16898,0
10851,0
18316,0
3061,0
24753,0
28993,1
1107,0
9564,0
27745,1
30130,1
8853,0
488,0
21366,0
22781,1
27672,0
14901,0
31209,1
26943,0
24413,1
9568,0
14586,0
5288,0
19735,0
28274,0
28434,1
13621,0
7610,0
10535,0
4072,0
24646,1
3279,0
25183,0
4498,0
23765,1
3780,0
24978,0
1620,0
21458,0
30900,1
8859,0
24408,1
211,0
10364,0
4472,0
30542,1
25590,0
25912,0
5932,0
14788,0
10011,0
6334,0
15244,0
864,0
31450,1
19184,0
22688,0
19325,0
15815,0
29125,1
26023,0
32787,1
30183,1
10494,0
31639,1
10760,0
28890,0
31017,1
2059,0
16559,0
2960,0
13787,0
20547,0
6989,0
31618,1
20111,0
14031,0
2487,0
30903,1
13751,0
7522,0
22321,1
5619,0
19149,0
27022,0
8064,0
13583,0
2848,0
27932,0
29489,1
978,0
10784,0
4642,0
9860,0
2097,0
28396,0
3866,0
30815,1
3474,0
4248,0
5563,0
26427,0
14749,0
25097,1
2538,0
19130,0
12726,0
1803,0
5637,0
21170,0
32911,1
21152,0
24279,1
6859,0
19399,0
5858,0
18448,0
10818,0
17935,0
14381,0
29755,1
30434,1
689,0
25727,0
17018,0
21273,0
24184,1
7754,0
24471,0
1749,0
27474,0
8608,0
19040,0
3056,0
17524,0
19701,0
9674,0
32803,1
1398,0
32061,1
7683,0
28586,1
24600,1
4344,0
27828,0
13457,0
17219,0
15055,0
13283,0
27992,0
14411,0
13385,0
2887,0
21064,0
21570,0
16715,0
5914,0
20476,0
20933,0
24916,0
906,0
26652,0
20311,0
18196,0
27973,1
20151,0
4750,0
9927,0
21989,0
20893,0
31798,1
7637,0
3180,0
5247,0
11147,0
11186,0
12040,0
29666,1
5965,0
18553,0
15245,0
5154,0
30597,1
22023,0
10002,0
14070,0
10746,0
7061,0
28232,0
19558,0
12186,0
17063,0
9250,0
31549,1
31749,1
9074,0
1991,0
9509,0
19102,0
21586,0
17404,0
10680,0
10440,0
32791,1
7312,0
20325,0
15657,0
28994,0
14593,0
24291,1
6655,0
21624,0
19332,0
880,0
29738,1
15273,0
24633,0
13705,0
26587,1
284,0
21437,0
10565,0
23386,1
25019,1
19577,0
14145,0
11660,0
15882,0
5404,0
13168,0
16888,0
19637,0
5015,0
31319,1
15154,0
21156,0
14621,0
11446,0
23754,0
29052,1
11462,0
12197,0
527,0
1486,0
14998,0
2770,0
15356,0
2494,0
9340,0
10396,0
2984,0
25009,1
14555,0
13407,0
9545,0
1420,0
13458,0
29509,1
23051,1
9020,0
18948,0
22618,1
31834,1
13208,0
21137,0
11397,0
2492,0
30393,1
12665,0
20763,0
3101,0
32687,1
4301,0
1677,0
8734,0
4274,0
19767,0
25577,0
10953,0
7012,0
20959,0
20477,0
31357,1
13770,0
17872,0
6695,0
3210,0
11239,0
4297,0
28409,0
2440,0
16983,0
26728,1
24924,1
26296,0
14552,0
8096,0
8646,0
29423,1
21758,0
4089,0
21802,0
15514,0
9135,0
28710,0
29743,1
25353,1
123,0
19914,0
20093,0
6240,0
3819,0
1588,0
30762,1
13656,0
12474,0
553,0
210,0
505,0
14804,0
930,0
2450,0
21621,0
9412,0
10113,0
12645,0
28421,0
18847,0
19369,0
16689,0
7383,0
19959,0
15546,0
3124,0
10476,0
20849,0
28974,1
8275,0
685,0
21893,0
3793,0
4644,0
5754,0
14773,0
1323,0
7186,0
23250,1
11535,0
18702,0
19321,0
25102,0
16827,0
5308,0
20660,0
21271,0
29669,1
21326,0
22933,1
5494,0
15102,0
12839,0
8656,0
6821,0
19127,0
12378,0
25723,0
15794,0
13636,0
31705,1
16530,0
25820,0
9492,0
23905,1
31020,1
3448,0
5986,0
21950,0
13191,0
18233,0
895,0
32850,1
12723,0
24300,1
19617,0
30786,1
15965,0
7021,0
1378,0
22157,0
1339,0
25940,0
9496,0
29294,1
18740,0
2393,0
21856,0
25632,0
21292,0
24674,1
1557,0
26691,0
11230,0
14442,0
28073,1
13908,0
9784,0
28149,0
20036,0
25531,1
11010,0
11895,0
13213,0
19251,0
25127,0
11098,0
26286,1
31459,1
32519,1
22516,1
27341,1
3597,0
32301,1
152,0
20092,0
26743,1
1269,0
64,0
102,0
20567,0
28852,1
24681,0
7317,0
27477,0
26955,0
21169,0
10083,0
13894,0
17053,0
1087,0
14646,0
31170,1
6819,0
7137,0
12630,0
10273,0
32369,1
32862,1
6934,0
29727,1
17231,0
4369,0
7373,0
25103,0
11594,0
24678,1
181,0
31677,1
15936,0
11273,0
12442,0
31340,1
15761,0
4569,0
24962,0
32166,1
9399,0
13987,0
31422,1
7675,0
4689,0
30488,1
166,0
5899,0
19285,0
10136,0
7078,0
13732,0
25919,0
2564,0
8285,0
20400,0
19330,0
26240,0
29627,1
4503,0
13890,0
28289,0
7414,0
20885,0
28251,0
20181,0
3559,0
11765,0
19407,0
32101,1
10841,0
13303,0
14663,0
583,0
13820,0
916,0
9363,0
9032,0
15766,0
30996,1
7827,0
19601,0
32195,1
14759,0
20884,0
17880,0
1946,0
21124,0
4795,0
21176,0
19598,0
31478,1
16703,0
30090,1
17724,0
8866,0
3045,0
25772,0
8090,0
418,0
26047,0
12849,0
12889,0
12147,0
22913,1
6744,0
19428,0
1354,0
30241,1
2940,0
4400,0
25640,0
7432,0
12129,0
3261,0
31376,1
832,0
5999,0
19741,0
7387,0
3151,0
11999,0
4026,0
10696,0
20904,0
4350,0
20237,0
10244,0
6826,0
12366,0
9470,0
5967,0
1820,0
11790,0
13140,0
30849,1
30121,1
9240,0
2904,0
6251,0
25250,1
2257,0
20623,0
27520,0
8012,0
22557,1
14303,0
20472,0
8101,0
26673,1
29127,1
15617,0
28968,1
5483,0
22590,0
23935,1
11184,0
12210,0
9934,0
24093,1
3856,0
13673,0
5484,0
10934,0
12196,0
11641,0
3744,0
5414,0
29219,1
12741,0
7576,0
8496,0
18658,0
28643,0
5238,0
28153,0
25189,0
9475,0
25565,1
18240,0
9522,0
8454,0
11741,0
6317,0
18942,0
31181,1
4102,0
31582,1
18211,0
30040,1
4330,0
28085,0
1131,0
20720,0
28083,1
26340,0
16275,0
13343,0
2490,0
28546,1
4306,0
27277,0
9694,0
6582,0
9090,0
4413,0
25021,1
6475,0
25463,0
21673,0
1736,0
30335,1
1148,0
29965,1
28284,1
13420,0
18153,0
4762,0
19989,1
16012,0
8037,0
17847,0
3164,0
20746,0
31784,1
6481,0
24587,1
8824,0
25457,1
3316,0
6816,0
18484,0
17272,0
6682,0
28502,1
29731,1
24876,1
11744,0
8573,0
12437,0
16974,0
30294,1
19669,0
10753,0
16611,0
27581,0
17441,0
30356,1
27304,1
31585,1
29225,1
8295,0
6975,0
8634,0
24892,0
3974,0
3952,0
27546,1
17108,0
23270,1
16234,0
28917,0
17922,0
24563,0
14837,0
200,0
29083,1
1198,0
5170,0
1902,0
17472,0
29017,1
9829,0
16829,0
11468,0
31729,1
32926,1
31939,1
25533,0
2021,0
8889,0
31204,1
14292,0
16355,0
32373,1
19163,0
12876,0
12336,0
6942,0
25763,0
16698,0
17858,0
18207,0
9352,0
10316,0
19405,0
16795,0
26087,0
6480,0
9414,0
32314,1
17932,0
32950,1
3659,0
14050,0
20394,0
4291,0
23076,1
10671,0
5803,0
23877,1
24926,0
12857,0
26003,0
31808,1
10687,0
27447,0
19546,0
10930,0
23366,0
32925,1
21255,0
30768,1
24134,1
13255,0
2921,0
16599,0
30265,1
9403,0
20515,0
25747,0
18602,0
30109,1
2177,0
2560,0
13378,0
28843,1
15659,0
20463,0
6092,0
32281,1
19817,0
31136,1
3562,0
22235,0
9275,0
29789,1
7398,0
10735,0
4262,0
5663,0
15662,0
840,0
9831,0
9547,0
15605,0
28458,1
4097,0
11615,0
25128,0
28781,1
26875,0
8795,0
243,0
7145,0
23977,1
25713,0
25802,0
23489,1
15280,0
23569,0
3783,0
26800,1
18013,0
15178,0
16262,0
22459,1
15098,0
7927,0
23467,1
11640,0
17526,0
5942,0
28838,1
3116,0
32253,1
27684,0
27565,1
15817,0
22904,1
2499,0
21707,0
22458,1
31940,1
6157,0
21188,0
11123,0
24828,0
23372,1
21005,0
17587,0
1670,0
29409,1
32823,1
13033,0
32356,1
6040,0
10138,0
7303,0
27055,0
21116,0
2654,0
28035,1
3138,0
20855,0
31892,1
14154,0
8602,0
15571,0
23274,1
24865,0
28562,1
11906,0
324,0
25834,0
13622,0
31652,1
6516,0
9022,0
23748,1
19751,0
17678,0
5130,0
2506,0
2513,0
2237,0
13497,0
3395,0
18750,0
9864,0
11953,0
27105,0
16444,0
25143,1
30682,1
30323,1
16322,0
3942,0
31965,1
17748,0
24649,1
17628,0
14519,0
6192,0
29106,1
31127,1
17562,0
2831,0
19963,0
16802,0
204,0
24481,0
27938,0
17316,0
21249,0
27948,0
30459,1
10743,0
6888,0
7549,0
17,0
22686,1
30188,1
21612,0
27484,0
17812,0
7011,0
6437,0
7436,0
10966,0
18564,0
15228,0
5200,0
20104,0
29390,1
11109,0
12124,0
31926,1
13679,0
6880,0
648,0
8059,0
15099,0
14323,0
13454,0
29901,1
30890,1
5756,0
30466,1
25604,1
21716,0
29542,1
23676,0
3409,0
3529,0
26199,0
90,0
798,0
14543,0
1377,0
29870,1
10603,0
18129,0
3758,0
26803,0
20528,0
5977,0
10628,0
22113,0
14194,0
11296,0
5044,0
5040,0
10445,0
22743,1
18262,0
20992,0
15149,0
16648,0
27917,0
27437,0
7125,0
6806,0
4882,0
6954,0
5409,0
7564,0
13830,0
11151,0
3830,0
18655,0
3905,0
24196,1
18728,0
30759,1
8582,0
10252,0
24905,1
32056,1
30276,1
6503,0
12142,0
20464,0
29333,1
30272,1
31364,1
14718,0
15242,0
13868,0
9806,0
26261,0
7256,0
824,0
6084,0
5290,0
17359,0
22044,0
3227,0
29213,1
7269,0
4951,0
2447,0
7253,0
4264,0
10524,0
25332,1
10553,0
9027,0
6146,0
2160,0
6370,0
501,0
21734,0
1304,0
27732,0
21615,0
13999,0
24994,1
3862,0
15856,0
29809,1
27250,1
27510,1
15890,0
11124,0
8127,0
5384,0
6657,0
8449,0
15529,0
32208,1
28916,1
25954,0
18177,0
471,0
31769,1
2537,0
25726,0
5394,0
13429,0
31715,1
10723,0
5726,0
6388,0
20173,0
32833,1
14878,0
27013,0
29034,1
23943,1
1624,0
20772,0
26710,0
5656,0
11179,0
27936,0
25922,0
5190,0
30191,1
10,0
6540,0
13171,0
7605,0
7194,0
8405,0
12268,0
10377,0
2162,0
15126,0
1169,0
26159,0
26574,1
5156,0
6496,0
10319,0
32639,1
17681,0
22719,1
16381,0
11634,0
29398,1
12100,0
28013,0
1413,0
25170,0
17788,0
18301,0
26588,0
6703,0
6948,0
30266,1
8189,0
28751,1
4627,0
32676,1
18995,0
7994,0
31851,1
14115,0
19187,0
32129,1
31130,1
19670,0
22264,0
13220,0
29279,1
18537,0
32407,1
9162,0
13578,0
17823,0
938,0
1044,0
20132,0
21284,0
22296,0
29966,1
4815,0
8244,0
30425,1
1279,0
29891,1
6308,0
661,0
21125,0
21293,0
17285,0
31318,1
19032,0
19361,0
27321,1
29050,1
22662,1
31305,1
16179,0
13933,0
7714,0
23362,0
10121,0
28256,0
14044,0
22405,0
6470,0
30660,1
18528,0
9233,0
15960,0
29053,1
17944,0
13345,0
3285,0
8817,0
25908,0
5849,0
32858,1
2133,0
19314,0
23613,1
17104,0
11516,0
2370,0
1983,0
2190,0
21027,0
10443,0
23514,1
24467,1
3369,0
25270,0
25422,1
7034,0
31633,1
32013,1
14844,0
707,0
4239,0
12305,0
24489,0
15211,0
12079,0
17019,0
27654,1
17195,0
1802,0
6852,0
18501,0
6270,0
15162,0
1720,0
31191,1
27554,0
21880,0
12183,0
5692,0
16544,0
28727,0
25223,1
8258,0
8424,0
2646,0
2635,0
22898,1
28765,1
10053,0
27612,1
5993,0
9544,0
841,0
24677,1
25503,0
31775,1
20982,1
16401,0
3578,0
26183,0
17448,0
20760,0
10948,0
16449,0
10438,0
19088,0
26138,0
10815,0
5177,0
20927,0
744,0
15694,0
15214,0
31527,1
10658,0
10410,0
362,0
31534,1
32580,1
16417,0
21932,0
5347,0
27143,0
32175,1
24935,0
27505,0
2219,0
25807,0
9165,0
1662,0
3940,0
19267,0
15239,0
2124,0
17586,0
5178,0
27220,0
17111,0
889,0
20124,0
4140,0
25338,1
18920,0
11073,0
1206,0
6098,0
14969,0
15797,0
22035,0
11081,0
6666,0
9689,0
10544,0
28534,1
6640,0
1835,0
17756,0
8211,0
14129,0
13563,0
32610,1
6337,0
20307,0
23087,1
17832,0
5676,0
17033,0
18851,0
17686,0
5809,0
10939,0
25760,0
24539,1
18238,0
4129,0
19545,0
30242,1
14644,0
12539,0
13937,0
10931,0
21317,0
28266,0
12891,0
20041,0
29877,1
22446,1
31930,1
16517,0
30896,1
18330,0
20187,0
32343,1
1901,0
5135,0
26157,0
24475,0
1984,0
14,0
1800,0
4823,0
29673,1
31986,1
28619,1
22553,1
31477,1
11019,0
14743,0
7705,0
15318,0
23455,1
1039,0
12063,0
28716,1
24465,1
2672,0
32173,1
19918,0
22536,1
24636,1
30977,1
2745,0
17868,0
17326,0
6697,0
3583,0
25059,0
19310,0
8082,0
21824,0
13095,0
12332,0
25144,0
25899,0
5883,0
24824,0
29448,1
7519,0
1038,0
6814,0
3963,0
22212,1
10538,0
2198,0
21179,0
28515,0
3837,0
12687,0
1470,0
1124,0
17160,0
11571,0
5123,0
10861,0
22682,1
8093,0
16457,0
25094,1
20127,0
13486,0
21737,0
16393,0
12076,0
13947,0
18780,0
5830,0
19380,0
11577,0
20126,0
30937,1
26959,1
21726,0
1442,0
31666,1
24679,0
5602,0
10652,0
6541,0
7014,0
12450,0
14783,0
7446,0
24384,0
32604,1
8446,0
19378,0
24973,0
18722,0
21147,0
15236,0
28635,0
16272,0
26099,0
4055,0
30162,1
12248,0
29534,1
31441,1
30308,1
8973,0
1768,0
13308,0
10944,0
27084,0
8413,0
30371,1
2559,0
8518,0
22546,1
11977,0
31991,1
19667,0
27204,1
449,0
3879,0
22171,1
21151,0
25281,0
5745,0
28116,1
19875,0
12158,0
13584,0
25184,0
29681,1
12527,0
14818,0
29884,0
31654,1
5090,0
19318,0
17211,0
8034,0
25910,0
11101,0
32778,1
18630,0
18970,0
26620,0
19384,0
2717,0
25315,1
27488,0
30510,1
17834,0
10738,0
13276,0
11064,0
11809,0
19584,0
16218,0
20169,0
14875,0
3330,0
10867,0
18035,0
7656,0
27249,0
10082,0
32185,1
20494,0
22945,1
24488,1
28849,1
4671,0
10059,0
15942,0
8493,0
950,0
194,0
11476,0
2866,0
14620,0
6913,0
9658,0
14950,0
30309,1
22637,1
7290,0
454,0
3355,0
25833,1
18693,0
16130,0
20095,1
19920,0
27644,0
16872,0
12016,0
416,0
9672,0
6671,0
1295,0
9882,0
9006,0
17289,0
13723,0
13147,0
12280,0
12031,0
31202,1
3523,0
4469,0
18390,0
26469,0
8364,0
5944,0
14029,0
13900,0
14935,0
23851,1
16403,0
27517,1
571,0
25276,0
193,0
19911,0
19213,0
10100,0
7263,0
16729,0
10236,0
16701,0
31379,1
10992,0
2420,0
10834,0
23911,1
16814,0
18322,0
31996,1
16055,0
24885,1
11579,0
4213,0
25398,0
22091,0
24954,1
31241,1
31960,1
32734,1
18391,0
16489,0
16646,0
30672,1
30452,1
2196,0
29910,1
19531,0
9634,0
12343,0
16349,0
17135,0
24979,0
1765,0
17216,0
17037,0
11511,0
3936,0
23379,0
26521,0
5566,0
31174,1
30586,1
27566,0
31350,1
30893,1
31746,1
24561,0
1416,0
31312,1
26650,1
23974,1
27093,1
31941,1
14119,0
31804,1
22773,1
6204,0
18769,0
21213,0
10484,0
28292,0
20605,0
11171,0
19397,0
24821,0
28142,0
19757,0
21492,0
7787,0
12492,0
19742,0
6081,0
16059,0
15112,0
12199,0
28700,0
11294,0
28425,0
16184,0
12375,0
31587,1
7852,0
16008,0
11690,0
6221,0
86,0
3722,0
21206,0
23881,0
5712,0
32138,1
12275,0
11916,0
12802,0
3805,0
10230,0
26961,0
26657,1
15229,0
3370,0
5355,0
1259,0
11008,0
1520,0
20067,0
21054,0
2358,0
24880,0
22314,0
17569,0
27980,0
16471,0
13648,0
18927,0
2596,0
19862,0
22626,1
30041,1
11120,0
26655,0
16362,0
10990,0
24102,1
4349,0
23482,1
12438,0
17765,0
28777,0
15892,0
1531,0
4615,0
18608,0
20098,0
802,0
21588,0
17502,0
16584,0
25391,1
22243,0
4219,0
32657,1
28148,0
3265,0
1960,0
7739,0
27961,1
25581,0
11758,0
14558,0
20178,0
5212,0
14914,0
17926,0
32919,1
14074,0
25137,0
15888,0
29573,1
5614,0
16575,0
16359,0
14928,0
21071,0
1723,0
22275,0
12748,0
14615,0
20029,0
6576,0
30523,1
13313,0
17592,0
27382,0
14981,0
28887,1
13661,0
31276,1
21953,0
455,0
26649,1
16557,0
30223,1
2742,0
14535,0
2220,0
3171,0
12046,0
27070,0
4655,0
21468,0
21642,0
11037,0
14350,0
23593,0
15821,0
10571,0
32149,1
11256,0
21428,0
15786,0
23498,1
1400,0
20038,0
31071,1
15557,0
4532,0
22805,1
2686,0
209,0
703,0
22020,0
8111,0
24369,0
32556,1
12970,0
7548,0
19908,0
14964,0
19340,0
20213,0
8605,0
19071,0
6407,0
2928,0
403,0
4916,0
21291,0
24793,1
17344,0
10590,0
8569,0
23982,1
3479,0
10452,0
13103,0
7331,0
21010,0
11776,0
16990,0
28718,0
31108,1
21510,0
12715,0
19500,0
21884,0
8283,0
21839,0
31182,1
32906,1
30199,1
25574,1
1083,0
30179,1
8085,0
5302,0
25185,0
23592,1
24148,0
18596,0
9400,0
16290,0
2154,0
29201,1
5182,0
1467,0
14278,0
27730,1
21568,0
21769,0
10432,0
30304,1
20436,0
20730,0
24131,1
27970,0
15760,0
20880,0
6803,0
3290,0
24125,1
19283,0
14447,0
17264,0
18831,0
14699,0
26395,1
24875,0
3480,0
27987,1
18946,0
12236,0
1923,0
10557,0
1114,0
26676,0
24090,1
4148,0
32664,1
14260,0
8750,0
23639,0
11828,0
4098,0
15641,0
19893,0
9621,0
31604,1
13074,0
31984,1
16644,0
21693,0
1128,0
7378,0
20420,0
29633,1
30718,1
19960,0
15880,0
26143,0
15232,0
940,0
31271,1
20445,0
3629,0
12041,0
22734,1
24311,1
30050,1
16350,0
22797,1
18172,0
18442,0
16621,0
23766,0
15148,0
29606,1
25598,1
9727,0
32379,1
11408,0
5903,0
650,0
25306,1
23758,1
2012,0
17350,0
17133,0
12175,0
11964,0
31515,1
20368,0
13251,0
31651,1
5541,0
14079,0
2663,0
12209,0
25403,1
29898,1
31475,1
29897,1
14721,0
12345,0
22204,1
26052,1
17138,0
13950,0
14097,0
20198,0
30194,1
10469,0
22465,1
30306,1
25681,0
28252,1
2305,0
32513,1
18241,0
20200,0
12493,0
11838,0
29847,1
28868,1
18161,0
30431,1
3233,0
5102,0
23595,1
19045,0
30885,1
13450,0
18512,0
22326,1
3800,0
8314,0
3929,0
628,0
2789,0
27124,0
7214,0
15759,0
32671,1
32147,1
3351,0
32865,1
16915,0
3546,0
679,0
30461,1
3660,0
23443,1
14179,0
29036,1
31545,1
26415,0
25229,0
26256,0
29922,1
31085,1
12086,0
19133,0
5260,0
4766,0
32095,1
22281,1
30216,1
26608,0
30967,1
30133,1
29401,1
17869,0
32695,1
3827,0
6366,0
30602,1
29895,1
28426,1
32930,1
26098,0
32451,1
7344,0
4145,0
19654,1
27981,0
32157,1
16124,0
24787,0
31314,1
13828,0
1247,0
21353,0
698,0
13177,0
6242,0
24073,0
29638,1
13291,0
3063,0
12021,0
20283,0
19672,0
18415,0
30991,1
5379,0
30114,1
16743,0
5237,0
9741,0
24111,1
31013,1
13441,0
13571,0
1804,0
29990,1
6559,0
16534,0
28125,1
3358,0
25796,0
11077,0
22360,0
12982,0
6664,0
24200,1
8528,0
7149,0
3754,0
15061,0
1687,0
24085,1
32696,1
6144,0
13433,0
8122,0
23005,0
8865,0
29790,1
3178,0
6109,0
9262,0
2390,0
32908,1
30966,1
11117,0
29437,1
22042,0
30627,1
30933,1
27334,1
27851,0
11607,0
796,0
3486,0
13159,0
16219,0
14562,0
18292,0
9367,0
11969,0
27919,0
22439,1
5667,0
22050,0
7804,0
19650,0
31029,1
30132,1
20300,0
7304,0
3080,0
5983,0
21771,0
14959,0
25383,1
25675,0
601,0
19293,0
24747,1
21185,0
14857,0
9874,0
13983,0
5117,0
2503,0
23011,1
17809,0
1419,0
17674,0
2541,0
5460,0
4891,0
13825,0
11204,0
31736,1
197,0
8483,0
6974,0
15040,0
17581,0
21076,0
21590,0
15532,0
5241,0
14051,0
28672,0
17479,0
1714,0
31353,1
23909,1
16089,0
1874,0
5770,0
6797,0
27676,1
11172,0
13899,0
23155,1
10266,0
8529,0
22450,1
2954,0
26053,0
18239,0
29286,1
25920,1
22346,1
29974,1
27807,0
5820,0
5103,0
16839,0
25921,0
9691,0
13246,0
12050,0
20467,0
8688,0
290,0
32944,1
1847,0
24544,0
6634,0
11829,0
26834,1
12750,0
22380,1
2057,0
21810,0
11882,0
4933,0
943,0
23695,0
27274,1
14742,0
17838,0
10280,0
29493,1
25513,0
6723,0
24518,1
14021,0
11047,0
13173,0
30325,1
26956,0
8858,0
23490,1
15816,0
11201,0
25605,0
735,0
24441,1
31140,1
21245,0
25990,1
6150,0
13032,0
2102,0
29478,1
24769,0
23582,1
20456,1
25199,0
21706,0
2406,0
222,0
24137,1
24292,1
1959,0
25943,0
878,0
2161,0
25119,1
32910,1
19107,0
23267,0
19848,0
17810,0
17893,0
3432,0
32102,1
22205,1
30566,1
12425,0
848,0
28900,0
12782,0
12044,0
32839,1
5879,0
25220,1
28459,0
9281,0
566,0
19934,0
19778,0
11058,0
23803,1
9648,0
1942,0
17884,0
25706,0
9366,0
9938,0
14384,0
24374,0
23763,0
18643,0
5010,0
5157,0
9802,0
17753,0
289,0
30483,1
13152,0
12525,0
14626,0
16398,0
14520,0
20183,0
12487,0
26747,0
15089,0
18019,0
3326,0
13328,0
376,0
19179,0
431,0
32398,1
12616,0
23917,0
16825,0
8091,0
18663,0
9420,0
18377,0
32153,1
13414,0
25415,1
12976,0
28504,1
16842,0
20509,0
28604,1
15528,0
6069,0
21915,0
29479,1
1334,0
1862,0
